{
	"class_name" : "PinholeCameraParameters",
	"extrinsic" : 
	[
		1.0,
		-0.0,
		-0.0,
		0.0,
		0.0,
		-1.0,
		-0.0,
		0.0,
		0.0,
		-0.0,
		-1.0,
		0.0,
		-0.23918185439252249,
		0.22533039180426928,
		4.108157267501749,
		1.0
	],
	"intrinsic" : 
	{
		"height" : 838,
		"intrinsic_matrix" : 
		[
			725.72928837135964,
			0.0,
			0.0,
			0.0,
			725.72928837135964,
			0.0,
			959.5,
			418.5,
			1.0
		],
		"width" : 1920
	},
	"version_major" : 1,
	"version_minor" : 0
}